seller_id,seller_name,seller_zip_code_prefix,seller_city,seller_state
48436dade18ac8b2bce089ec2a041202,Yolanthe,13023,campinas,SP
dd7ddc04e1b6c2c614352b383efe2d36,Swen,13844,mogi guacu,SP
5b51032eddd242adc84c38acab88f23d,Giacomo,20031,rio de janeiro,RJ
9d7a1d34a5052409006425275ba1c2b4,Christiane,4195,sao paulo,SP
df560393f3a51e74553ab94004ba5c87,Son,12914,braganca paulista,SP
6426d21aca402a131fc0a5d0960a3c90,Nanice,20920,rio de janeiro,RJ
7040e82f899a04d1b434b795a43b4617,Phyllida,55325,brejao,PE
5996cddab893a4652a15592fb58ab8db,Alonso,16304,penapolis,SP
a416b6a846a11724393025641d4edd5e,Carmen,1529,sao paulo,SP
ba143b05f0110f0dc71ad71b4466ce92,Virge,80310,curitiba,PR
cc419e0650a3c5ba77189a1882b7556a,Tann,75110,anapolis,GO
8602a61d680a10a82cceeeda0d99ea3d,Lothaire,13530,itirapina,SP
4a3ca9315b744ce9f8e9374361493884,Meredith,1222,sao paulo,SP
1f50f920176fa81dab994f9023523100,Maxy,5372,sao paulo,SP
530ec6109d11eaaf87999465c6afee01,Wallace,88705,tubarao,SC
fcb5ace8bcc92f75707dc0f01a27d269,Hunfredo,42738,lauro de freitas,BA
fe2032dab1a61af8794248c8196565c9,Desmond,88780,imbituba,SC
218d46b86c1881d022bce9c68a7d4b15,Veronica,70740,brasilia,DF
8cbac7e12637ed9cffa18c7875207478,Loree,45810,porto seguro,BA
1c129092bf23f28a5930387c980c0dfc,Ashby,5138,sao paulo,SP
ea8482cd71df3c1969d7b9473ff13abc,Georg,11440,guaruja,SP
7c67e1448b00f6e969d365cea6b010ab,Alysa,14910,tabatinga,SP
6560211a19b47992c3666cc44a7e94c0,Selby,4156,sao paulo,SP
3504c0cb71d7fa48d967e0e4c94d59d9,Johan,13320,salto,SP
c864036feaab8c1659f65ea4faebe1da,Jorrie,98910,tres de maio,RS
bfd27a966d91cfaafdb25d076585f0da,Cally,30494,belo horizonte,MG
41b39e28db005d9731d9d485a83b4c38,Romonda,86707,arapongas,PR
16090f2ca825584b5a147ab24aa30c86,Hayden,9850,sao bernardo do campo,SP
1554a68530182680ad5c8b042c3ab563,Emmery,4857,sao paulo,SP
e59aa562b9f8076dd550fcddf0e73491,Hurley,18500,tatui,SP
77530e9772f57a62c906e1c21538ab82,Carie,80210,curitiba,PR
a17f621c590ea0fab3d5d883e1630ec6,Beth,2261,sao paulo,SP
92eb0f42c21942b6552362b9b114707d,Stephie,88495,garopaba,SC
8b321bb669392f5163d04c59e235e066,Rubi,3562,sao paulo,SP
a3e9a2c700480d9bb01fba070ba80a0e,Tynan,37650,camanducaia,MG
a35124e2d763d7ca3fbe3b97d143200f,Mattheus,17602,tupa,SP
25c5c91f63607446a97b143d2d535d31,Delilah,7241,guarulhos,SP
7a67c85e85bb2ce8582c35f2203ad736,Casey,83050,sao jose dos pinhais,PR
5656537e588803a555b8eb41f07a944b,Terrence,3445,sao paulo,SP
ffc470761de7d0232558ba5e786e57b7,Kimble,4133,sao paulo,SP
9c0e69c7bf2619675bbadf47b43f655a,Pip,72233,brasilia,DF
f4aba7c0bca51484c30ab7bdc34bcdd1,Darren,70645,brasilia,DF
f45122a9ab94eb4f3f8953578bc0c560,Shayne,88730,sao ludgero,SC
3340ef1913fb70d28420f6ceb685c339,Esme,88075,sao jose,SC
2a84855fd20af891be03bc5924d2b453,Doroteya,13416,piracicaba,SP
ff063b022a9a0aab91bad2c9088760b7,Geneva,90850,porto alegre,RS
8a32e327fe2c1b3511609d81aaf9f042,Kristos,37584,congonhal,MG
b2ba3715d723d245138f291a6fe42594,Shirlene,31950,belo horizonte,MG
c3cfdc648177fdbbbb35635a37472c53,Laurena,31555,belo horizonte,MG
5f3ae9136c875522250f8184f253413a,Dominica,9251,santo andre,SP
e8b4225284fbb02d16f200513f1f395d,Bil,4705,sao paulo,SP
9f505651f4a6abe901a56cdc21508025,Pen,6144,osasco,SP
955fee9216a65b617aa5c0531780ce60,Vicky,13270,valinhos,SP
87142160b41353c4e5fca2360caf6f92,Lezley,89214,joinville,SC
0887a9f087bcd5d9f6642b52f897fc6c,Paige,11446,guaruja,SP
12b9676b00f60f3b700e83af21824c0e,Scottie,28990,saquarema,RJ
99eaacc9e6046db1c82b163c5f84869f,Antone,88390,barra velha,SC
8f78f0903005064036736c7173a5c2ed,Ignazio,25730,petropolis,RJ
058fd0aa2bfdb2274e05e1ae971dabb6,Claire,95500,santo antonio da patrulha,RS
900ba814c251a692506d7834c1218441,Nollie,84010,ponta grossa,PR
d3dcf0604eabf0224fbd5948b5e02f69,Allard,6544,santana de parnaiba,SP
6c7d50c24b3ccd2fd83b44d8bb34e073,Leila,9121,santo andre,SP
b1a81260566c1bac3114a6d124413f27,Skipp,13568,sao carlos,SP
00720abe85ba0859807595bbf045a33b,Danny,6056,osasco,SP
0241d4d5d36f10f80c644447315af0bd,Carolin,14940,ibitinga,SP
1835b56ce799e6a4dc4eddc053f04066,Barbabas,5741,sao paulo,SP
7299e27ed73d2ad986de7f7c77d919fa,Teresita,83010,sao jose dos pinhais,PR
fa40cc5b934574b62717c68f3d678b6d,Billie,3702,sao paulo,SP
8e6cc767478edae941d9bd9eb778d77a,Arley,6429,barueri,SP
855668e0971d4dfd7bef1b6a4133b41b,Jane,6192,osasco,SP
a2deecd5398f5df4987110c80a1972a3,Cully,95076,caxias do sul,SP
0dd184061fb0eaa7ca37932c68ab91c5,Gardner,3569,sao paulo,SP
e333046ce6517bd8bb510291d44f0130,Dante,89207,joinville,SC
dbc22125167c298ef99da25668e1011f,Dianne,38440,araguari,MG
f00e21b1e91a79653163b7fd8f293ff1,Katinka,32180,contagem,MG
70c27847eca8195c983ed7e798c56743,Rustie,89258,jaragua do sul,SC
cfb1a033743668a192316f3c6d1d2671,Ursuline,14940,ibitinga,SP
23c38debaffe4a25a30fdbd9b586a13f,Erica,9715,sao bernardo do campo,SP
516e7738bd8f735ac19a010ee5450d8d,Mace,88501,lages - sc,SC
8444e55c1f13cd5c179851e5ca5ebd00,Sam,95711,bento goncalves,RS
537eb890efff034a88679788b647c564,Jarret,15805,catanduva,SP
46dc3b2cc0980fb8ec44634e21d2718e,Idelle,9400,ribeirao pires,SP
c54679b132454625907c773d273d4126,Gilles,4726,sao paulo,SP
b410bdd36d5db7a65dcd42b7ead933b8,Theresita,14882,jaboticabal,SP
f80edd2c5aaa505cc4b0a3b219abf4b8,Dominick,19830,echapora,SP
53e4c6e0f4312d4d2107a8c9cddf45cd,Krissy,6713,cotia,SP
8e6d7754bc7e0f22c96d255ebda59eba,Sandi,89160,rio do sul,SC
4869f7a5dfa277a7dca6462dcf3b52b2,Renata,4275,sao paulo,SP
06a2c3af7b3aee5d69171b0e14f0ee87,Roz,18040,sorocaba,SP
ef506c96320abeedfb894c34db06f478,Anett,21235,rio de janeiro,RJ
0b90b6df587eb83608a64ea8b390cf07,Lia,14850,pradopolis,SP
7e93a43ef30c4f03f38b393420bc753a,Shandie,22420,rio de janeiro,RJ
7d13fca15225358621be4086e1eb0964,Derron,1125,sao paulo,SP
f457c46070d02cadd8a68551231220dd,Ninnetta,24813,itaborai,RJ
624f4ece8da4aafb77699233d480f8ef,Kimberlyn,5786,sao paulo,SP
0be8ff43f22e456b4e0371b2245e4d01,Nolan,15137,mirassol,SP
06e5eefc71ec47ae763c5c6f8db7064f,Olin,9190,santo andre,SP
431af27f296bc6519d890aa5a05fdb11,George,16200,birigui,SP
3db66a856d18a9cba7c9241fc5221c50,Louis,3569,sao paulo,SP
43f8c9950d11ecd03a0304a49e010da6,Hilarius,31730,belo horizonte,MG
38e6dada03429a47197d5d584d793b41,Brien,20785,rio de janeiro,RJ
702835e4b785b67a084280efca355756,Tully,20060,rio de janeiro,RJ
c70c1b0d8ca86052f45a432a38b73958,Kacie,14940,ibitinga,SP
0db783cfcd3b73998abc6e10e59a102f,Teriann,12401,sao paulo,SP
620c87c171fb2a6dd6e8bb4dec959fc6,Weston,1425,sao paulo,SP
3d871de0142ce09b7081e2b9d1733cb1,Saw,19803,assis,SP
7586919161935337bf6b6d7ff5779648,Theresita,13820,jaguariuna,SP
c826c40d7b19f62a09e2d7c5e7295ee2,Elset,14801,araraquara,SP
7210cd29727d674c00741e5e387b3ccd,Cassie,27963,macae,RJ
a1043bafd471dff536d0c462352beb48,Arleyne,13320,salto,SP
e5a3438891c0bfdb9394643f95273d8e,Meyer,13504,rio claro,SP
7202e2ba20579a9bd1acb29e61fe71f6,Jolee,86039,londrina,PR
4e922959ae960d389249c378d1c939f5,Davita,5101,sao paulo,SP
8c16d1f32a54d92897cc437244442e1b,Oran,14010,ribeirao preto,SP
7008613ea464bad5cb9b83456e1e6a8f,Norby,21210,rio de janeiro,RN
d98eec89afa3380e14463da2aabaea72,Francisca,37410,tres coracoes,MG
e9bc59e7b60fc3063eb2290deda4cced,Tildi,4248,sao paulo,SP
86ccac0b835037332a596a33b6949ee1,Domingo,15190,nhandeara,SP
23d7c96d4a1160db1c726b248601b25a,Jodie,14940,ibitinga,SP
2e90cb1677d35cfe24eef47d441b7c87,Pasquale,3514,sao paulo,SP
d91fb3b7d041e83b64a00a3edfb37e4f,Ola,71070,brasilia,DF
1b938a7ec6ac5061a66a3766e0e75f90,Michal,6465,barueri,SP
1d8dbc4f32378d715c717c1c1fc57bae,Marlin,1044,sao paulo,SP
640e21a7d01df7614a3b4923e990d40c,Alejandrina,88870,orleans,SC
822bad9bc42b51213ba522fe87b7ab5d,Massimiliano,70384,brasilia,DF
6fc26fe110feebd80a433e1f012a84f9,Lilias,2310,sao paulo,SP
5b67882648febfb6e1225e6ad7164f6b,Clarey,2016,sao paulo,SP
88460e8ebdecbfecb5f9601833981930,Xerxes,78095,cuiaba,MT
afa6714acee029b2dfdf357e5579cc03,Pierette,13575,sao carlos,SP
323ce52b5b81df2cd804b017b7f09aa7,Cecilio,1040,sao paulo,SP
850f4f8af5ea87287ac68de36e29107f,Stevana,3322,sao paulo,SP
cab85505710c7cb9b720bceb52b01cee,Melanie,20261,rio de janeiro,RJ
cea729054f157f5870bdd321a958d994,Stanislas,85830,formosa do oeste,PR
001cca7ae9ae17fb1caed9dfb1094831,Reagan,23550,rio de janeiro,RJ
2528513dd95219a6013d4d05176e391a,Kevon,11085,santos,SP
729b2d09b2a0bdab221076327f13d050,Delcine,3417,sao paulo,SP
4c03b9dd4c11ee2cb35c96c49efc9420,Sayers,76500,santa terezinha de goias,GO
de23c3b98a88888289c6f5cc1209054a,Georg,81210,curitiba,PR
634964b17796e64304cadf1ad3050fb7,Floris,8260,sao paulo,SP
c3867b4666c7d76867627c2f7fb22e21,Torey,95995,arvorezinha,RS
2709af9587499e95e803a6498a5a56e9,Olympe,4674,sao paulo,SP
cca3071e3e9bb7d12640c9fbe2301306,Randene,14020,ribeirao preto,SP
4c2b230173bb36f9b240f2b8ac11786e,Rurik,36525,guiricema,MG
1e8b33f18b4f7598d87f5cbee2282cc2,Siusan,95072,caxias do sul,RS
e38db885400cd35c71dfd162f2c1dbcf,Rory,55004,caruaru,PE
f8db351d8c4c4c22c6835c19a46f01b0,Monroe,80045,curitiba,PR
7139dc5186aa238b006e066d8fbab2e4,Bethina,14401,franca,SP
96493fab2fbb13a14d0c0e8772eef5c3,Celestine,81030,curitiba,PR
54965bbe3e4f07ae045b90b0b8541f52,Jeffrey,40243,salvador,BA
bd0389da23d89b726abf911cccc54596,Kelbee,9951,diadema,SP
85d9eb9ddc5d00ca9336a2219c97bb13,Alana,8573,itaquaquecetuba,SP
8b28d096634035667e8263d57ba3368c,Janeva,18682,lencois paulista,SP
a5cba26a62b8b4d0145b68b841e62e7f,Sheffield,7091,guarulhos,SP
2e1c9f22be269ef4643f826c9e650a52,Andrea,6341,carapicuiba,SP
3b872fd4747f01cc56206f2934198618,Suki,76400,uruacu,GO
1da3aeb70d7989d1e6d9b0e887f97c23,Rosemarie,88301,itajai,SC
6a8b085f816a1f75f92dbac6eb545f8f,Bengt,3280,sao paulo,SP
7ad32824caee82087b3e2e5f33b1bf32,Todd,1545,sao paulo,SP
1690cada046eb7e92c12f98b1f8a8167,Emelda,1026,sao paulo,SP
ebd2d60905fb58271facef5596b620d3,Walt,80620,curitiba,PR
688756f717c462a206ad854c5027a64a,Laurel,87900,loanda,PR
8581055ce74af1daba164fdbd55a40de,Moreen,3186,sao paulo,SP
5cf13accae3222c70a9cac40818ae839,Maggi,19400,sao paulo,SP
8648b1e89e9b349e32d3741b30ec737e,Hercule,2839,sao paulo,SP
5670f4db5b62c43d542e1b2d56b0cf7c,Ardeen,87014,maringa,PR
c003204e1ab016dfa150abc119207b24,Amie,1207,sao paulo,SP
17e34d8224d27a541263c4c64b11a56b,Bryn,1411,sao paulo,SP
18a349e75d307f4b4cc646a691ed4216,Kathe,30190,belo horizonte,MG
56e361f411e38dcef17cdc2a3d99628b,Kalle,8502,ferraz de vasconcelos,SP
7901646fdd36a55f564ffaf2dbccaaf7,Alysia,1541,sao paulo,SP
2d50d6282f8aa2257819a77bfaa0efe0,Shanta,13481,limeira,SP
391fc6631aebcf3004804e51b40bcf1e,Nita,11040,santos,SP
ef0ace09169ac090589d85746e3e036f,Malia,6436,barueri,SP
582d4f8675b945722eda7c0cb61ba4c7,Cristina,2310,sao paulo,SP
e9779976487b77c6d4ac45f75ec7afe9,Skipper,35530,claudio,MG
31344c16881c08a8a72c6d2eb29918c1,Cilka,14080,ribeirao preto,SP
37515688008a7a40ac93e3b2e4ab203f,Sidonia,24355,niteroi,RJ
1c68394e931a64f90ea236c5ea590300,Martynne,17700,osvaldo cruz,SP
94e93ce877be27a515118dbfd2c2be41,Carena,6380,carapicuiba,SP
2138ccb85b11a4ec1e37afbd1c8eda1f,Terza,6016,osasco,SP
974cf2cb8f4b7add98709c30df02fe10,Gerry,24451,sao goncalo,RJ
0509040ea3fe50071181bbc359eb7738,Chadwick,78820,jaciara,MT
42b729f859728f5079499127a9c2ef37,Carol-jean,88330,balenario camboriu,SC
ceaec5548eefc6e23e6607c5435102e7,Zaria,4009,sao paulo,SP
bf0d50a6410d487dc97d2baac0a8c0be,Marnie,89120,timbo,SC
a420f60ff1aa9acc80d0e42959f2b313,Vilma,14075,ribeirao preto,SP
1025f0e2d44d7041d6cf58b6550e0bfa,Winnie,5424,sao paulo,SP
0691148aee60ca47977c187804f935ae,Talya,99730,jacutinga,RS
3c487ae8f8d7542beff5788e2e0aea83,Paco,60440,fortaleza,CE
edb1ef5e36e0c8cd84eb3c9b003e486d,Aurthur,7242,guarulhos,SP
20d83f3ef0e6925fd74bfd59170babf7,Gabriellia,7051,guarulhos,SP
f7ccf836d21b2fb1de37564105216cc1,Stacie,8517,ferraz de  vasconcelos,SP
d50d79cb34e38265a8649c383dcffd48,Ricky,16800,mirandopolis,SP
6a38087bc8ad4f89ff453561005f6dea,Thadeus,89228,joinville,SC
ef30892870c278497523264be1be2241,Arabelle,30421,belo horizonte,MG
c4fb51fb1c5b7c07bc5e67be6e7e8f6e,Clare,17056,bauru,SP
53243585a1d6dc2643021fd1853d8905,Karol,12308,jacarei,SP
bf84056e679dbe9c69929847a40e338f,Reinhold,13304,itu,SP
bce6a5ecf98e99fd2a8868b15c51f04b,Koral,85301,laranjeiras do sul,SP
56642bcb79900e777d68e91915cb4267,Sydney,3554,sao paulo,SP
3bb548e3cb7f70f28e3f11ee9dce0e59,Johnna,89560,videira,SC
d921b68bf747894be13a97ae52b0f386,Skip,88058,florianopolis,SC
4d6d651bd7684af3fffabd5f08d12e5a,Anstice,6853,itapecerica da serra,SP
13fa2a6c6b9d0f43cb588d7c82117a12,Corinne,58280,mamanguape,PB
128639473a139ac0f3e5f5ade55873a5,Roxie,8490,sao paulo,SP
f3295428338a40977a03f555246a70f4,Colline,35430,ponte nova,MG
6edacfd9f9074789dad6d62ba7950b9c,Grantham,87360,goioere,SP
1c56ffe0e9dea2657fc6e95b53f40b13,Marion,17280,pederneiras,SP
91f0eec23d4a61d7d7caeefa3f0ad1ca,Garwood,6653,itapevi,SP
4e06067cc08b3f41d837768d392c3ee3,Zuzana,74563,goiania,GO
99a54764c341d5dc80b4a8fac4eba3fb,Ned,4821,sao paulo,SP
610f72e407cdd7caaa2f8167b0163fd8,Olenka,21820,rio de janeiro,RJ
abbf6046bbdf1028606a5bc7f00c99e7,Ray,1026,sao paulo,SP
2e0dba2da448400b1c11d7b4b22f32a4,Christie,3308,sao paulo,SP
01cf7e3d21494c41fb86034f2e714fa1,Georgette,95070,caxias do sul,RS
6d66611d7c44cc30ce351abc49a68421,Norman,9640,sao bernardo do campo,SP
5bc237df65098fe211bb4818f4d26d78,Obediah,58400,campina grande,PB
70a12e78e608ac31179aea7f8422044b,Baird,93608,estancia velha,RS
11bfa66332777660bd0640ee84d47006,Rockie,27525,resende,RJ
ad420dd0c4f92f8af951ac24b86d0cf5,Nevins,89251,jaragua do sul,SC
55029529919c0123526150bd26ca8f20,Eleanora,2215,sao paulo,SP
b839e41795b7f3ad94cc2014a52f6796,Dehlia,5524,sao paulo,SP
6b243f80ed07b10f0e8aa0f21a205f3c,Tonnie,22790,rio de janeiro,RJ
9e6229250fedbe05838fef417b74e7fb,Loni,8041,sao paulo,SP
f8201cab383e484733266d1906e2fdfa,Tabbie,5715,sao paulo,SP
ccc4bbb5f32a6ab2b7066a4130f114e3,Charmine,88032,florianopolis,SC
c31eff8334d6b3047ed34bebd4d62c36,Diego,18055,sorocaba,SP
b33e7c55446eabf8fe1a42d037ac7d6d,Elsy,2112,sao paulo,SP
2156f2671501a81034d7d07f217609d0,Dal,14075,ribeirao preto,SP
522620dcb18a6b31cd7bdf73665113a9,Nance,18048,sorocaba,SP
8d956fec2e4337affcb520f56fd8cbfd,Corrianne,9336,maua,SP
65b081a070633e057c462abdd6fb9dd8,Annis,17030,bauru,SP
229c3efbfb0ea2058de4ccdfbc3d784a,Reinald,17052,bauru,SP
0c8380b62e38e8a1e6adbeba7eb9688c,Travus,30620,belo horizonte,MG
81f89e42267213cb94da7ddc301651da,Phaidra,13327,salto,SP
a673821011d0cec28146ea42f5ab767f,Cymbre,74343,goiania,GO
1a3df491d1c4f1589fc2b934ada68bf2,Erda,35300,caratinga,MG
47efca563408aae19bb7206c2d969ea9,Norris,15350,auriflama/sp,SP
8ed8ea9a57c862f2c18c2fe41f601d56,Genna,21240,rio de janeiro,RJ
1b4c3a6f53068f0b6944d2d005c9fc89,Wendell,14407,franca,SP
392353362d22cc2c236e1ee81ff19890,Lottie,16500,cafelandia,SP
c03121937e54a93fcc1825c3098bbb6e,Suzette,2518,sao paulo,SP
0c7533c71df861ec58ad7ff999ed0e8d,Farlay,14050,ribeirao preto,SP
0ec28cec4046a4a199b6de9b4c891d97,Valerye,88730,sao ludgero,SC
7d7866a99a8656a42c7ff6352a433410,Bret,36502,uba,MG
e88c9b79e592e370d6bd852eeefbf057,Marielle,9751,sao bernardo do campo,SP
08061dc0fc165ed41288cc7acde738ee,Germana,3407,sao paulo / sao paulo,SP
ca3bd7cd9f149df75950150d010fe4a2,Callean,14940,ibitinga,SP
056b4ada5bbc2c50cc7842547dda6b51,Callie,87035,maringa,PR
37be5a7c751166fbc5f8ccba4119e043,Nico,15062,sao jose do rio preto,SP
b17b679f4f5ce2e03ce6968c62648246,Nadya,13064,campinas,SP
8931a84a914b3fe9b1ddaa4d704947ca,Sophie,21020,rio de janeiro,RJ
3b15288545f8928d3e65a8f949a28291,Jonie,13660,porto ferreira,SP
6fd52c528dcb38be2eea044946b811f8,Micheal,95660,tres coroas,RS
f61c63d13f7cd800549d5acdd390ae72,Thornton,9080,santo andre,SP
b4f8921fcc4ff77b66bea6dda43dcd51,Efrem,89031,blumenau,SC
ce7d1888639e6fb06b2749cbfdac1ff7,Gregg,9110,santo andre,SP
76d5af76d0271110f9af36c92573f765,Fawnia,9230,santo andre,SP
a49928bcdf77c55c6d6e05e09a9b4ca5,Holly-anne,3951,sao paulo,SP
fa1c13f2614d7b5c4749cbc52fecda94,Dukie,3172,sao paulo,SP
c9c7905cffc4ef9ff9f113554423e671,Kameko,3334,sao paulo,SP
edf96ef93ed595084bbcbd9224bd2894,Ban,89070,blumenau,SC
aac29b1b99776be73c3049939652091d,Nicolette,8773,mogi das cruzes,SP
080102cd0a76b09e0dcf55fcacc60e05,Frannie,11013,santos,SP
7142540dd4c91e2237acb7e911c4eba2,Godwin,6286,osasco,SP
daeb5653dd96c1b11860f72209795012,Rosanna,15155,jaci,SP
e06f09ec0a4aca210779cf1cfc63cf19,Salli,35530,claudio,MG
b32be1695eb7ec5f10f72d9610a12527,Rinaldo,74045,goiania,GO
897060da8b9a21f655304d50fd935913,Perry,18500,laranjal paulista,SP
a5259c149128e82c9d6d46e0c1c812bb,Martita,18048,sorocaba,SP
602044f2c16190c2c6e45eb35c2e21cb,Barnard,1126,sao paulo,SP
f84a00e60c73a49e7e851c9bdca3a5bb,Charmane,13478,americana,SP
a3b0df0065e264a91b7bbf5f844af5cd,Audry,1303,sao paulo,SP
6b536a23086fba0d58c08d68814397f6,Monti,2739,sao paulo,SP
abcd2cb37d46c2c8fb1bf071c859fc5b,Devlin,20921,rio de janeiro,RJ
e24fc9fcd865784fb25705606fe3dfe7,Emmaline,86170,sertanopolis,SP
59b22a78efb79a4797979612b885db36,Querida,14940,ibitinga,SP
d1c281d3ae149232351cd8c8cc885f0d,Muriel,86808,apucarana,PR
b2479f944e1b90cf8a5de1bbfde284d6,Sherill,15046,sao jose do rio preto,SP
0d83f8e03188682112cc0d93523705cc,Ardelia,22230,rio de janeiro,RJ
71dc18fd8cbf5fd77f45dd8b427abb34,Judye,87035,maringa,PR
f4c4daa86e30c7e5a553a8d518ac03a5,Francklin,4102,sao paulo,SP
41ab63a91b8b264e8c8780368bf1dd5b,Inesita,7052,guarulhos,SP
e48cc16ab70bfa09e1401740dce0b3d7,Winnie,16301,penapolis,SP
b74d1c09cb380e1d03a6f859c6f4224b,Bartholomeo,24020,niteroi,RJ
9dda5bbacd45e18d6485fee649205d09,Wilburt,89204,joinville,SC
34d1ca11b242c0fee2c834ae8d788566,Curran,83408,colombo,PR
8d79c8a04e42d722a75097ce5cbcf2ef,La verne,11450,vicente de carvalho,SP
db4350fd57ae30082dec7acbaacc17f9,Carlen,26562,mesquita,RJ
f262cbc1c910c83959f849465454ddd3,Dugald,86010,londrina,PR
efcd8d2104f1a05d028af7bad20d974b,Rivalee,2051,sao pauo,SP
bd4889b5e9133b35b66e42a8665cea5c,Stace,88056,florianopolis,SC
4a3ccda38b2129705f3fb522db62ca31,Marchall,30550,belo horizonte,MG
da8622b14eb17ae2831f4ac5b9dab84a,Cassandry,2820,sao paulo,SP
d66c305afaec317ebee552073a674429,Allayne,85802,cascavel,PR
06532f10282704ef4c69168b914b77be,Herbert,83830,fazenda rio grande,PR
e24d3429d294b2eb200b064ebb035879,Gwenny,4508,sao paulo,SP
669ae81880e08f269a64487cfb287169,Kennedy,6775,taboao da serra,SP
01fdefa7697d26ad920e9e0346d4bd1b,Dona,1550,sao paulo,SP
3c7c4a49ec3c6550809089c6a2ca9370,Charmane,22783,rio de janeiro,RJ
6338ea67c41078a46ad99cc009654956,Barbaraanne,81070,curitiba,PR
8a432f4e5b471f8da497d7dc517666e2,Latisha,4716,sao paulo,SP
db2956745b3a8e9f3785c99f34b5d25e,Lorrie,12233,sao jose dos campos,SP
0adac9fbd9a2b63cccaac4f8756c1ca8,Meridel,7084,guarulhos,SP
4c8b8048e33af2bf94f2eb547746a916,Claudie,3384,sao paulo,SP
325f3178fb58e2a9778334621eecdbf9,Olivier,85903,toledo,PR
966cb4760537b1404caedd472cc610a5,Arman,82510,curitiba,PR
3785b653b1b82de85ab47dd139938091,Chris,15081,sao jose do rio preto,SP
ea67327e24487bdfac5fbfa37ea124df,Angelina,8411,sao paulo,SP
dbd66278cbfe1aa1000f90a217ca4695,Kylie,17047,bauru,SP
18e694e0e48ed6f7aa3f24aade5fd697,Renault,11045,santos,SP
559d56f3b8f0bc2e5a9a62fe2ce2a39f,Haily,85960,marechal candido rondon,SP
33a6f4b1e7cdc205511e76ba1b6e0186,Logan,80010,curitiba,PR
834f3294fba9f932f56edc879193f925,Kip,8710,mogi das cruzes,SP
25be943a321c8938947bdaabca979a90,Joya,91130,porto alegre,RS
b76dba6c951ab00dc4edf0a1aa88037e,Ingra,12238,sao jose dos campos,SP
c6bda72e4dbf5c5866b13cb1810c6d03,Tessie,6236,osasco,SP
8a87611c08849ffeeccab52aa798b6c7,Michele,13203,jundiai,SP
6e864f5c4669eff3d98140a07cc50202,Birch,83800,mandirituba,PR
b499c00f28f4b7069ff6550af8c1348a,Reggie,3551,sao paulo,SP
562fc2f2c2863ab7e79a9e4388a58a14,Nil,8655,suzano,SP
d05ae8f7a5bd1d2a690a44cd079e4e27,Franklin,33200,vespasiano,MG
5b179e9e8cc7ab6fd113a46ca584da81,Lynea,80040,curitiba,PR
a72c2f59332659e361d647515c698798,Joellen,20735,rio de janeiro,RJ
31da954dc0855f2495c6310f70a2f931,Teddie,89031,blumenau,SC
827f8f69dfa529c561901c4f2e0f332f,Marys,1417,sao paulo,SP
1ca7077d890b907f89be8c954a02686a,Aida,98780,santa rosa,RS
813348c996469b40f2e028d5429d3495,Leann,15015,sao jose do rio preto,SP
79ebd9a61bac3eaf882805ed4ecfa12a,Courtney,14600,sao joaquim da barra,SP
cd06602b43d8800bd0afad514919d35c,Rosamund,5125,sao paulo,SP
c1ed9e3daf6154542826a6996af0fb8c,Rainer,81050,curitiba,PR
da7039f29f90ce5b4846ffc0fcc93beb,Ambrosi,13830,santo antonio de posse,SP
7d456afc660226829370f3173d14520c,Iolanthe,1212,sao paulo,SP
6a51fc556dab5f766ced6fbc860bc613,Carly,97502,uruguaiana,RS
709e16e2b25c7474d980076c6bfc4806,Hobey,80215,curitiba,PR
5b2e94f2c22b39ccc24d34ad0f669672,Tadd,6703,cotia,SP
4305fe92735c8a43d154ff6dd2b8d927,Creight,13480,limeira,SP
ececbfcff9804a2d6b40f589df8eef2b,Franciska,37400,campanha,MG
30829ded4523ab9224b93bc49a62c95f,Iorgos,14940,ibitinga,SP
33576ec5412fb5905d876f12f33bfde6,Noemi,4811,sao paulo,SP
2dee2ce60de9709b1a24083217181a1f,Budd,75640,piracanjuba,GO
acce39e832338debb07b02385cde5967,Borg,3306,sao paulo,SP
2b1a40c1daabc6ca280c4b815c101841,Dulcy,95034,caxias do sul,RS
527801b552d0077ffd170872eb49683b,Allys,30640,belo horizonte,MG
dc64d75cc406bb0697be983831430e60,Kare,89701,concordia,SC
3df020b72d3d44b3af9d110fa3940b65,Dalt,2880,sao paulo,SP
72c5da29406b4234927b81855e7b64f6,Thoma,3688,sao paulo,SP
1900267e848ceeba8fa32d80c1a5f5a8,Karlan,74043,goiania,GO
87e24fc7052259b1f7f607d61c10d8be,Averil,37540,santa rita do sapucai,MG
1464afc72f696af775557a821c2e253f,Denis,81925,curitiba,PR
51702dc2a3e106c76dbff722b5bf0726,Eadith,6246,osasco,SP
f84fa566034f5e8e880a07ec624c56af,Felix,80510,curitiba,PR
00fc707aaaad2d31347cf883cd2dfe10,Christiana,80240,curitiba,PR
5dceca129747e92ff8ef7a997dc4f8ca,Osmond,14780,barretos,SP
4bf2f4ee540798a61f9636d12cd9cc80,Sonni,13330,indaiatuba,SP
e9d99831abad74458942f21e16f33f92,Bobbee,26525,nilopolis,RJ
8cc6a0e5738e61a87b03c78b2ba9db4b,Jeremie,9380,maua,SP
5a8e7d5003a1f221f9e1d6e411de7c23,Shirline,17580,pompeia,SP
a4b6b9b992b46e9ef863637af96e04bc,Melisenda,44895,barro alto,BA
213b25e6f54661939f11710a6fddb871,Darcy,13840,mogi guacu,SP
65febd49fd28ec955651299159b1f527,Mikael,4557,são paulo,SP
a3a38f4affed601eb87a97788c949667,Elly,4311,sao paulo,SP
aaed1309374718fdd995ee4c58c9dfcd,Casper,11702,praia grande,SP
f4a04f7be452aa3bb31760bf00055dd0,Susanetta,14406,franca,SP
36a968b544695394e4e9d7572688598f,Gilberta,22783,rio de janeiro,SP
a888faf2d1baececa6baf9c3d603ee1f,Darbie,89128,luiz alves,SC
282f23a9769b2690c5dda22e316f9941,Kerby,2036,sao paulo,SP
817245bcc3badd82bbd222e0366951a6,Constantin,6038,osasco,SP
070d165398b553f3b4b851c216b8a358,Ortensia,88351,brusque,SC
ad273c9eb54ecb4532de4bf75bae9e4e,Cull,88804,criciuma,SC
8f2ce03f928b567e3d56181ae20ae952,Coletta,5729,sao paulo,SP
cac876b37d3abcd6bd76caca30277996,Cornell,6519,santana de parnaiba,SP
3c03b12bab54d8b37d79d914bfdb1aa0,Nonnah,6016,osasco,SP
06579cb253ecd5a3a12a9e6eb6bf8f47,Monica,89222,joinville,SC
d1582f4043306e6b91afa6a8a884f898,Eddie,2252,sao paulo,SP
4830e40640734fc1c52cd21127c341d4,Sinclare,7179,guarulhos,SP
ce248b21cb2adc36282ede306b7660e5,Laney,31050,belo horizonte,MG
ac3508719a1d8f5b7614b798f70af136,Selby,13480,limeira,SP
b1204cfda1d4948679db3cfc0d3cb95c,Thom,15805,catanduva,SP
0bf0150d5b9d60d9cd2906003332f085,Hershel,89052,blumenau,SC
9d5a9018aee56acb367ba9c3f05d1d6a,Ruthy,31255,belo horizonte,MG
b2ac621f0d0322434d04a12b078b9369,Cash,15704,jales,SP
d2374cbcbb3ca4ab1086534108cc3ab7,Kore,20270,rio de janeiro,RJ
5c243662ce92d84573bfaff24c3e3700,Benn,86060,londrina,PR
9616352088dcf83a7c06637f4ebf1c80,Morey,12944,atibaia,SP
6f892e20a171e98efe17fdb971ff319b,Penelopa,69900,rio branco,AC
3361277dc30b7cccdb0c286b24219756,Britni,86046,londrina,PR
1bb2bdb95f4841f1bba2c0d2cd83d3c9,Vivian,27321,barra mansa,RJ
4391ea5c5990502176a1dcda44a2373d,Eyde,5632,sao paulo,SP
9c7fd21e0aa159b20da593371f08ff7c,Konstantin,3161,sao paulo,SP
0bae85eb84b9fb3bd773911e89288d54,Brett,4782,sao paulo,SP
8160255418d5aaa7dbdc9f4c64ebda44,Carrie,14403,franca,SP
2199e7fe213c16213bf5d6a7eadc9a5d,Sadie,87013,maringa,PR
f46490624488d3ff7ce78613913a7711,Ami,9405,ribeirao pires,SP
3afc536624bc2e65bddfb5db33cc01f3,Aarika,2310,sao paulo,SP
7722b1df1b0e383e000397b2c11e3e19,Walliw,4363,sao paulo,SP
4324dd16853115efb0fd9d0d131ba6f4,Ardyce,1539,sao paulo,SP
6481e96574816ead57975da2c0f6d80d,Charyl,13560,sao carlos,SP
1d1bbb8ac1581824986f582583fff01d,Tyrone,2238,sao paulo,SP
59fb871bf6f4522a87ba567b42dafecf,Katie,15055,sao jose do rio preto,SP
98dac6635aee4995d501a3972e047414,Adamo,82220,curitiba,PR
04aba03279157f6d4e0fe8ccaf21963c,Blakeley,17520,marilia,SP
eed78ac17f7f795a19a709745f00cd4e,Yolanthe,3060,sao paulo,SP
fdb9095204a334cd8872252ffec6f2db,Ondrea,9443,ribeirao pires,SP
ef990a83bbea832f36ebe81376335aa8,Eal,14096,ribeirao preto,SP
1127b7f2594683f2510f1c2c834a486b,Zebulon,48602,bahia,BA
594f9aaa48e5bf431f011ddc5669b0d5,Jennifer,91740,porto alegre,RS
aafe36600ce604f205b86b5084d3d767,Holli,86047,londrina,PR
77a515caa36327151d1cc6c32a9f00e1,Adrianne,85807,cascavel,PR
7b07b3c7487f0ea825fc6df75abd658b,Hortense,12020,taubate,SP
f7ba60f8c3f99e7ee4042fdef03b70c4,Dori,85802,cascavael,PR
bc47d5d1490df2b36add65d733eafaba,Bruno,1320,sao paulo,SP
d25aa0aaacb370e912f8cf6efeba38b3,Fanchon,12250,monteiro lobato,SP
80e6699fe29150b372a0c8a1ebf7dcc8,Byram,81250,curitiba,PR
6061155addc1e54b4cfb51c1c2a32ad8,Winonah,29138,viana,ES
d5ba419e26d246a0719437cf37d9b46d,Maritsa,7145,guarulhos,SP
f22a247b79dd22ecd91dc8e3b2a1b07c,Rasia,88107,sao jose,SC
ea00f977a203ff88adf7057cb7806998,Lindsay,25850,paraiba do sul,RJ
1838dd9b8977065acf51d95e0053ea7a,Trix,13730,mococa,SP
54065e9aef7e9e9c2dc23b7594db021a,Tanney,18130,sao roque,SP
a6fe7de3d16f6149ffe280349a8535a0,Shani,37900,passos,MG
7d76b645482be4a332374e8223836592,Hymie,14940,ibitinga,SP
51e4e89242cbb846c2deff3dc015650e,Dal,85603,francisco beltrao,PR
710e3548e02bc1d2831dfc4f1b5b14d4,Shana,3821,sao paulo,SP
3078096983cf766a32a06257648502d1,Blaire,36512,tocantins,SP
4e17c65a516f69d023a2ae78b84f28d6,Boniface,76400,uruacu,GO
c092292535a57dacd95a8765f5518f87,Lindy,87083,maringa,PR
52562a9f449c3dc3d53f5f5b9ed74903,Pyotr,74473,goiania,GO
1b7e5006cb25dd23ce8686691013b121,Cly,21931,rio de janeiro,RJ
48162d548f5b1b11b9d29d1e01f75a61,Valry,14055,ribeirao preto,SP
b4ffb71f0cb1b1c3d63fad021ecf93e1,Toby,88210,porto belo,SC
e0a366315b1b726b6c7832d664c0f530,Monty,13105,campinas,SP
a7f13822ceb966b076af67121f87b063,Rosalinda,26255,nova iguacu,RJ
439a47cc365d6e3bd526812ea9de3c29,Creight,3343,sao paulo,SP
080199a181c46c657dc5aa235411be3b,Phylys,17512,marilia,SP
ffff564a4f9085cd26170f4732393726,Becky,88820,icara,SC
8b87cd0d43d49b9bdf40f56229364d59,Ludovika,3543,sao paulo,SP
478bfe564db21eeb44386606aa30b650,Melli,95910,lajeado,RS
4b9750c8ad28220fe6702d4ecb7c898f,Shannon,3694,sao paulo,SP
d71d863e5ef30d94e440c11be17dcd8f,Jenna,3029,sao paulo,SP
6860153b69cc696d5dcfe1cdaaafcf62,Carlita,37540,santa rita do sapucai,MG
b01c2b7b8599b325103ebcddc67413e1,Victoir,13042,campinas,SP
5bc55dbe2f12b6af6d83ed46023e0dc8,Andria,1201,sao paulo,SP
252e76235acb79183cfca6e34f13337d,Thain,9230,santo andre,SP
f0b47fbbc6dee9aafe415a6e33051b3f,Devin,88359,brusque,SC
17f51e7198701186712e53a39c564617,Willette,98920,horizontina,RS
2a61c271b1ac763450d846849783e922,Valle,4364,sao paulo,SP
7ddcbb64b5bc1ef36ca8c151f6ec77df,Montgomery,3416,sao paulo,SP
2a261b5b644fa05f4f2700eb93544f2c,Nappy,9350,maua,SP
1b8356dabde1d35e17cef975c3f82730,Prinz,1214,sao paulo,SP
2aa3443d7bf9d9bb11133f420d75e083,Pearl,2880,sao paulo,SP
1996942dc085d7773ba77a529b163cd0,Charlene,9220,santo andre,SP
95ec4458365c4d11f452ccf538377619,Lauren,18110,votorantim,SP
4200ddf1967c5e41e48db62bc6d4b5ac,Malanie,35530,claudio,MG
de722cd6dad950a92b7d4f82673f8833,Nancey,93700,campo bom,RS
95e03ca3d4146e4011985981aeb959b9,Henka,3659,sao paulo,SP
157c3e4b42f81ac4a44e8b1ca2fe9876,Fran,1123,sao paulo,SP
2a1348e9addc1af5aaa619b1a3679d6b,Kassia,15910,monte alto,SP
5f5b43b2bffa8656e4bc6efeb13cc649,Claudetta,3103,sao paulo,SP
e49c26c3edfa46d227d5121a6b6e4d37,Cathleen,14078,ribeirao preto,SP
3cfa1358a6caa965278721344c8d76f2,Thalia,15601,fernandopolis,SP
66922902710d126a0e7d26b0e3805106,Fancy,89041,blumenau,SC
8b9d6eec4a7eb7d0f9d579ce0b38324d,Neilla,17500,marilia,SP
718539d38d07dd351c76db862760e2e2,Wilhelmine,84010,ponta grossa,PR
f12ff17ad8bbf01ec5c33b17e506649b,Sadella,7093,guarulhos,SP
63b464dbf392c7b80d12d932fa7cafed,Theodosia,31560,belo horizonte,MG
b92e3c8f9738272ff7c59e111e108d7c,Marj,13920,pedreira,SP
bacb1f0ed56ad24198f5810d2b3fe9a5,Shanie,86800,apucarana,PR
062ce95fa2ad4dfaedfc79260130565f,Dora,7062,guarulhos,SP
d4e12e7884759a14fa0f5f896c791cae,Martynne,88351,brusque,SC
04e38a233f726ef161074ab1c9b0399a,Sioux,8550,poa,SP
2eb70248d66e0e3ef83659f71b244378,Evanne,3471,sao paulo,SP
6039e27294dc75811c0d8a39069f52c0,Aline,87047,maringa,PR
2a6fbeaa7ab9e5d59a35841a8da71ce4,Marybeth,82040,curitiba,PR
784ba75dd9d20200c4caed3d7a77141a,Lila,15025,sao jose do rio preto,SP
cd68562d3f44870c08922d380acae552,Kaitlynn,35500,divinopolis,MG
cb3dd9ce66268c7a3ca7241ac70ab58c,Raphaela,13450,santa barbara d´oeste,SP
aba1721a889e04decc910aa13b768ef4,Nell,92025,canoas,RS
c8b3445d737de6befde0c88ede534a5e,Marline,13310,itu,SP
7357b52d27cbaa90f81a96cbc1279396,Ofilia,89217,joinville,SC
259f7b5e6e482c230e5bfaa670b6bb8f,Ediva,13375,mombuca,SP
b2a6d334e2833acea353624840e25a0e,Cari,9628,sao bernardo do campo,SP
0df3984f9dfb3d49ac6366acbd3bbb85,Tonya,6539,santana de parnaiba,SP
382229d1e840115ffe3dbf5ff460e417,Robina,81350,curitiba,PR
e439f7176d763f92de325271111b2fd5,Lois,86040,londrina,PR
9baf5cb77970f539089d09a38bcec5c3,Bert,14405,franca,SP
54219883e72aad869adfb2a54b7bfa0f,Vyky,35700,sete lagoas,MG
f214d28e8d8e3ef068748498ccc2f813,Neile,37165,campo do meio,MG
6a8a889bde935bafa76d7848782dfaf9,Jobie,85904,toledo,PR
83e197e95a1bbabc8c75e883ed016c47,Arabele,8780,mogi das cruzes,SP
70849ca4f400aaabb62cb7462a6f1428,Bobbe,13219,jundiai,SP
8f119a0aee85c0c8fc534629734e94fd,Hedy,17509,marilia,SP
dee656f0f566ed1aa85bd137c943f08f,Doreen,60741,fortaleza,CE
fc906263ca5083d09dce42fe02247800,Berti,3311,sao paulo,SP
ce3ad9de960102d0677a81f5d0bb7b2d,Minetta,13490,cordeiropolis,SP
1f9ab4708f3056ede07124aad39a2554,Kym,38410,uberlandia,MG
d17f467e4bf608a510c20d82f4ba3b6b,Amalea,75123,anapolis,GO
bd23da7354813347129d751591d1a6e2,Dodie,14092,ribeirao preto,SP
e2aee0892199b1d92530e371abd825bf,Harli,15085,sao jose do rio preto,SP
2059c39f76271d4ca3f15b5ffaccc8b8,Elena,4578,sao paulo,SP
9646c3513289980f17226a2fc4720dbd,Kessia,91310,porto alegre,RS
6cd68b3ed6d59aaa9fece558ad360c0a,Dallas,20756,rio de janeiro,RJ
af7cdac9d9897cddead9c6b08976c642,Correy,1233,sao paulo,SP
2009a095de2a2a41626f6c6d7722678d,Hermione,8223,sao paulo,SP
9a03a4e9eb0b947652fae4f6121a3f5e,Ilyse,4782,sao paulo,SP
e62b2d6ac10570a035a30bafcf01d263,Gayla,83402,colombo,PR
08ad4ac1388e4420ca531c3edfc46198,Brooks,9920,diadema,SP
430315b7bb4b6e4b3c978f9dfa9b0558,Lorettalorna,13419,piracicaba,SP
8e8a7ce9f2f970dc00e2acf6f6e199f6,Hannie,20021,rio de janeiro,RJ
b561927807645834b59ef0d16ba55a24,Lorilyn,18072,sorocaba,SP
76d64c4aca3a7baf218bf93ef7fa768d,Victoria,13456,santa barbara d oeste,SP
1336efc61c316ddf92c899eb817f7cae,Madel,13920,pedreira,SP
d23019c84ffae2d5ef2270367b8605fc,Evita,86702,arapongas,PR
116ccb1a1604bc88e4d234a8c23f33de,Lenore,27277,volta redonda,SP
66e0557ecc2b4dbea057e93f215f68d8,Teressa,13660,porto ferreira,SP
870d0118f7a9d85960f29ad89d5d989a,Sile,89030,blumenau,SC
0d33a55da925bbf1ff02af5f6059fc7f,Rickie,6787,taboao da serra,SP
318f287a62ab7ac10b703ac37435a231,Morgan,22790,4482255,RJ
58f1a6197ed863543e0136bdedb3fce2,Merrilee,16072,aracatuba,SP
54a1852d1b8f10312c55e906355666ee,Fey,81830,curitiba,PR
25cf099de44674fde97473224f9d59ab,Carla,74210,goiania,GO
e0eabded302882513ced4ea3eb0c7059,Anjela,16200,birigui,SP
503c1de08ae81a2d86f17951b204db55,Livvyy,18070,sorocaba,SP
d101c6da914ae3d53f7bee42283f2fe2,Marylinda,37580,monte siao,MG
f5a590cf36251cf1162ea35bef76fe84,Emma,13073,campinas,SP
9674754b5a0cb32b638cec001178f799,Carmencita,89248,garuva,SC
fd386aa7bed2af3c7035c65506c9b4a3,Ilka,38650,bonfinopolis de minas,MG
d57e18d5f73c7ccb7f7339b61166898d,Alecia,13150,cosmopolis,SP
45ba18c210d42734ec52c0c1c574e9ee,Aleda,14092,ribeirao preto,SP
373ee4a3a775a733770ca3f790b8b9ac,Lynea,15800,catanduva,SP
6df688df543f90e9b38f4319e75a9d88,Kalie,1215,sao paulo,SP
1f1bb1f0859883505541bdd6606193e5,Anni,24451,sao goncalo,RJ
ea566164622c6b439516ab18062c42cd,Aubine,4386,sao paulo,SP
392e0502231ae2f8b29994ef6398cd77,Rina,5547,sao paulo,SP
adbc26658d6c7b4b6219f9d934598091,Dell,21070,rio de janeiro,RJ
bba74270a87732727b5a3b4fd9ac1c39,Chrissy,37706,pocos de caldas,MG
acadd4d36859671cb635527c6c977533,Dorolisa,24725,sao goncalo,RJ
c7dcd301ecfe5ab7f778ac172cf74be7,Chryste,13160,artur nogueira,SP
25e6ffe976bd75618accfe16cefcbd0d,Ann-marie,11015,santos,SP
7a241947449cc45dbfda4f9d0798d9d0,Minnaminnie,4209,sao paulo,SP
0b35c634521043bf4b47e21547b99ab5,Louisa,30575,belo horizonte,MG
eebb3372362aa9a46975164bed19a7e7,Eolande,6513,santana de parnaiba,SP
29e6e05b65f93bc224c644319dc52ecf,Dolores,20520,rio de janeiro,RJ
aa762680c40618316a896838866140ea,Estell,58030,joao pessoa,PB
8ae520247981aa06bc94abddf5f46d34,Cairistiona,17300,dois corregos,SP
d3674f271c91f824f82d24d92011f669,Zorina,89245,araquari,SC
7b7f91e98f8c6def45a1407923304402,Alejandra,1220,sao paulo,SP
dbb9b48c841a0e39e21f98e1a6b2ec3e,Ursa,90230,porto alegre,RS
b83cedfb587e7911540e3f576d6917ce,Tallie,83075,sao jose dos pinhais,PR
e48b04bf1aa1ef711caebeb7aede6180,Rodi,31570,belo horizonte,SP
eeb6de78f79159600292e314a77cbd18,Karly,36500,uba,MG
ffad1e7127fb622cb64a900751590acd,Fleurette,93310,"novo hamburgo, rio grande do sul, brasil",RS
4992e76a42cb3aad7a7047e0d3d7e729,Ryann,84035,ponta grossa,PR
5fd924b4836098a5be0ecf81ba054ce0,Hannah,80330,curitiba,PR
312ba1d77e9c332ef21f9598b7f64cd7,Tricia,89218,joinville,SC
b1fc4f64df5a0e8b6913ab38803c57a9,Lynnette,88056,floranopolis,SC
75d34ebb1bd0bd7dde40dd507b8169c3,Viv,15155,jaci,SP
4917cee8d902e13428c3ec4b1ca6f315,Rheta,13170,sumare,SP
94144541854e298c2d976cb893b81343,Dallas,83070,sao jose dos pinhais,PR
d624126b9206f595fb3fbb6ba03b28a8,Kania,9350,maua,SP
165fc07beebdcb6190fba8a06db2a449,Tanhya,85980,guaira,PR
2cb98e27ce1c18abdb42209b34c382a7,Lulita,2118,sao paulo,SP
432c37c9dfba871172ec162e20118b8c,Blondie,12242,sao jose dos campos,SP
d1b65fc7debc3361ea86b5f14c68d2e2,Brittani,29313,cachoeiro de itapemirim,ES
725c32fa80c2faacc4fc88450d27314e,Lucila,14150,serrana,SP
81a1104df0f08b59c68aa5b03cfe398e,Daisie,5108,sao paulo,SP
951e8cef368f09bb3f3d03c00ca4702c,Orsa,86604,rolandia,PR
058cb5aeb36d7c0fcae20fc85d5e0a59,Ardelis,4360,sao paulo,SP
5058e8c1e82653974541e83690655b4a,Angele,23062,rio de janeiro,RJ
0ea22c1cfbdc755f86b9b54b39c16043,Sosanna,3029,sao paulo,SP
5f67c6082caacb26e431a7b17940cece,Lizabeth,4054,sao paulo,SP
eddd1991bd6d9309995a480c39b95137,Blinny,36415,congonhas,MG
febab0275244b9a49a623f0bd613ca2f,Tabina,15046,sao jose do rio preto,SP
609e1a9a6c2539919b8205cf7c4e6ff0,Bari,5537,sao paulo,SP
3d621842b2ed28e2b474132480edac3c,Othelia,12943,atibaia,SP
6973a06f484aacf400ece213dbf3d946,Penelopa,6852,itapecerica da serra,SP
00ee68308b45bc5e2660cd833c3f81cc,Caye,83091,sao  jose dos pinhais,PR
fde0cc9ea29c8ccfc0a2c22256a58c71,Jennifer,18035,sorocaba,SP
acb6c2ca5c82411c1fdb88d5fd5eb95e,Carine,18550,boituva,SP
6bd503a8230299c9316fb0f726933927,Peta,13405,piracicaba,SP
11eac105f3f90a9b87b19c89d91e24f3,Filia,3275,sao paulo,SP
835f0f7810c76831d6c7d24c7a646d4d,Sianna,14400,franca,SP
643214e62b870443ccbe55ab29a4dccf,Cherey,88495,garopaba,SC
9de4643a8dbde634fe55621059d92273,Flossi,90010,porto alegre,RS
5b0cc932433fa5184b5b94bfe6bcc256,Kim,17604,tupa,SP
c3aad7dc65449ae90a5e9c3c6c1e78e0,Rozele,3612,sao paulo,SP
cd6efc47efaabf134f8bdb654e10b4f1,Genni,5268,sao paulo,SP
994f04b3718c2bab35c2adfa8afecd2a,Faustina,13660,porto ferreira,SP
0f0c984a4a955310903b6b6008660bad,Marsiella,3059,sao paulo,SP
d566c37fa119d5e66c4e9052e83ee4ea,Cosetta,7600,mairipora,SP
bba3293d6f5d5af2f415e004e8b93ae3,Hedwiga,1547,sao paulo,SP
b16d3dadc47d4eb18be3d88bad0775ce,Susi,13041,campinas,SP
e26901d5ab434ce92fd9b5c256820a4e,Evangelia,16480,guaimbe,SP
4170f6a9367e6b5d6401d03ce6d54569,Ranique,95360,parai,RS
7e1fb0a3ebfb01ffb3a7dae98bf3238d,Shina,17700,osvaldo cruz,SP
2d2c62bef4c8ba0dd74e0e228e808539,Nonah,9862,sao bernardo do campo,SP
cfe94489ddd337d1e29e12f2a7205d10,Ynes,37706,pocos de caldas,MG
dd2bdf855a9172734fbc3744021ae9b9,Connie,28495,aperibe,RJ
14d7985702e72162bbf13b6beb74ab2b,Francoise,35500,divinopolis,MG
9b013e03b2ab786505a1d3b5c0756754,Rosana,1021,sao paulo,SP
79ed755314cfe6df0daef2c6cd3022cd,Laurena,17605,tupa,SP
4f0d637c1197fd65405ebd755ac9f86b,Delphinia,80610,curitiba,PR
6cf476a4ca74498db55cbccdaa9dcfb6,Marni,18053,sorocaba,SP
a2e874074c877c5a05abae80ad6e488f,Nanci,88715,jaguaruna,SC
ba90964cff9b9e0e6f32b23b82465f7b,Myrlene,86707,arapongas,PR
542917da124346b47ea1ac79a93ce454,Sheba,26210,nova iguacu,RJ
b372ee768ed69e46ca8cdbd267aa7a38,Willetta,8250,sao paulo,SP
d20b021d3efdf267a402c402a48ea64b,Nadiya,29101,vila velha,SP
cce6ab8d1682639fe45ab70234f1665f,Arlyne,14801,araraquara,SP
e883aa812c37a7413226856f4579fe91,Yevette,9182,santo andre,SP
729f06993dac8e860d4f02d7088ca48a,Nydia,89210,joinville,SC
97512d3fc193b2d1dfcdba0f9d1f0f8a,Debra,13085,campinas,SP
b56906f7fd1696e043f1bcce164c487b,Juliane,21070,rio de janeiro,RJ
0ffa40d54288e4f3499b8780dd0f144f,Sabina,7194,guarulhos,SP
b37c4c02bda3161a7546a4e6d222d5b2,Lee,36052,juiz de fora,MG
289cdb325fb7e7f891c38608bf9e0962,Marlena,23080,rio de janeiro,RJ
87d30a6a0cbf89356e49324971ab1d24,Joanie,38230,fronteira,MG
31561f325664a8a7aba4c8d0c3a9b3db,Tabbatha,14960,novo horizonte,SP
ed4acab38528488b65a9a9c603ff024a,Nicol,18185,pilar do sul,SP
c4d51195486dc781531876a7d00453d8,Eveleen,15840,itajobi,SP
fad44952713764836814be105382aee5,Fernandina,87050,maringa,PR
66fd84ee7528c0c0de85d0f44a73d5ab,Allison,4815,sao paulo,SP
e067ad2c1c0b48758eb1b5228bcf7a68,Sheba,29142,cariacica / es,ES
f67efa3f0b6761102a7f8c6b7b571f5d,Silva,36320,prados,MG
b64d51f0435e884e8de603b1655155ae,Essy,88020,florianopolis,SC
cac4c8e7b1ca6252d8f20b2fc1a2e4af,Mercy,13560,sao carlos,SP
b494891378bd8f4560abe576c52deacd,Jacquelynn,11065,santos,SP
b8578d2d823bd8e251f6fdd02b40902d,Karie,8598,itaquaquecetuba,SP
34056b8b55c1775a22af2331670a799c,Sydelle,62170,mucambo,CE
40d54b51e962dbe09cabbcfd33298dee,Shelbi,83409,colombo,PR
c68fb906c8f4b4b946d8386bfa6e5467,Mary,13504,rio claro,SP
701938c450705b8ae65fc923b70f35c7,Chiquia,14940,ibitinga,SP
5160d23075764e18e07c1f4a87fad743,Ibby,95705,bento goncalves,RS
0432ead42b6c8a0bdf68154add917fdf,Faydra,4041,sao paulo,SP
52d76513f0c4d97f3b99570e2c94ee31,Barbabra,12080,taubate,SP
d4e4b5192cba4e0e66eb12a9d347239d,Gerri,81210,curitiba,PR
633ecdf879b94b5337cca303328e4a25,Leanna,87050,maringa,PR
a369d693961cb93b61ca2cc518872a85,Em,86026,londrina,PR
1caf283236cd69af44cbc09a0a1e7d32,Dian,1244,sao paulo,SP
3dbbce181edfaa4a597ec858c382d2ec,Alisun,39400,montes claros,MG
cbf09e831b0c11f6f23ffb51004db972,Rosalinda,82810,curitiba,PR
e5a38146df062edaf55c38afa99e42dc,Mitzi,4613,sao paulo,SP
3d8fa2f5b647373c8620330c4e077a9f,Guillema,9694,sao bernardo do campo,SP
13c2ed7698b3ca92dad49e849219da59,Christian,11701,praia grande,SP
2c9e548be18521d1c43cde1c582c6de8,Charo,7152,guarulhos,SP
53336f97ddbe53e2a617d07b17447b95,Adriaens,92310,canoas,RS
7b0df942f46435babab05d49b744b2c4,Ariel,82510,curitiba,PR
485452467ff670447e84a8370c3fc898,Lynnett,36570,vicosa,MG
671585f5a2af58b6e276bc01003c0d2b,Mella,13090,campinas,SP
406822777a0b9eb5c50e442dd4cd3ec5,Robinette,5201,sao paulo,SP
b6d44737c043328708f6749c2dbe50bd,Lexis,3126,sao paulo,SP
dd533b429f380718b70ad9922c294bae,Gene,21041,rio de janeiro,RJ
99002261c568a84cce14d43fcffb43ea,Sybille,82130,curitiba,PR
e9c6969d40e6a3d2d0f90013165c2b98,Demetris,76804,porto velho,RO
5b85809efd0d0e4dea1a9544e1280ed9,Cordelia,40130,salvador,BA
b1b3948701c5c72445495bd161b83a4c,Raven,13720,sao jose do rio pardo,SP
004c9cd9d87a3c30c522c48c4fc07416,Alecia,32260,contagem,MG
8b2492b7ff4468839593fafeed55bad9,Celestia,85501,pato branco,PR
002100f778ceb8431b7a1020ff7ab48f,Edyth,36301,sao joao del rei,MG
c157bdeedcbc9a8e3c8bf0d87ff24428,Jena,14091,ribeirao preto,SP
54aa8463e87776b5612f4bdc4bd5d4de,Ida,19042,presidente prudente,SP
ff1e15b778c700abdd4d239b81ac466d,Eva,8743,mogi das cruzes,SP
f615fe7efbef0f4f08fd3086bc7a3e60,Almeda,26600,paracambi,RJ
3a490ba60afa30ece0e7d50cfe74a4f0,Ag,13312,itu,SP
715bbd5ba4e6b74cb0d2f29eb45058b0,Andie,13930,serra negra,SP
5a93f3ab0ef4c84ed5e1b5dbf23978bc,Arleyne,15052,sao jose do rio preto,SP
066a6914e1ebf3ea95a216c73a986b91,Bellina,9541,sao caetano do sul,SP
f181738b150df1f37cb0bd72e705b193,Drusy,1420,sao paulo,SP
7c5b05cbdb5542049f38d90d7815b97d,Dale,1239,sao paulo,SP
3a734b715d333a2588a3d54a0c9b8746,Hilary,13418,piracicaba,SP
21c62b998a043ebe31161d38f84929fc,Edythe,13820,jaguariuna,SP
d94a40fd42351c259927028d163af842,Adda,4001,sao paulo,SP
612170e34b97004b3ba37eae81836b4c,Sophi,17051,bauru,SP
c4f7fee5b0db50e87766f5a4d1b1b758,Demeter,15081,sao jose do rio preto,SP
76c47a299e4a8fe992316a85865acbe9,Rozanne,9550,sao caetano do sul,SP
38e679b9e0064cd94c6f035707344dae,Collette,89256,jaragua do sul,SC
e882b2a25a10b9c057cc49695f222c19,Candace,2523,sao paulo,SP
270d3ef21830ad0ecf3a6c53d08a533a,Ruby,5462,sao paulo,SP
9c1c0c36cd23c20897e473901a8fb149,Florance,83411,colombo,PR
17a053fcb14bd219540cbde0df490be0,Mame,89069,blumenau,SC
e2c92f9c1c7746d899d18f2e158bbff7,Cherice,36010,juiz de fora,SP
d03698c2efd04a549382afa6623e27fb,Matty,4154,sao paulo,SP
02dcd3e8e25bee036e32512bcf175493,Teresa,28660,bom jardim,RJ
42bde9fef835393bb8a8849cb6b7f245,Adara,58385,serra redonda,PB
4b5f66b7adcf57f1ecc0d3c07dd6b177,Gretta,14940,ibitinga,SP
b8114f2f589a6804810f04f99b36b498,Jodee,82800,curitiba,PR
ff1fb4c404b2efe68b03350a8dc24122,Gill,4133,sao paulo,SP
272f092de69afedd4d2969440b37f18f,Loutitia,2851,sao paulo,SP
9d681c7e12db302cb261e721040dde65,Tamra,89240,sao francisco do sul,SC
14a08204d03bb6b6bde8029f801ae0eb,Stephie,7052,guarulhos,SP
5c853bb56f70f4d14218944bae111d7a,Rayna,29104,vila velha,ES
903037660cf848a717166eb7a06d616e,Val,19010,presidente prudente,SP
13d058e4eeac2ce8217660b2f8a05812,Iolanthe,32672,betim,MG
2c4c47cb51acd5ea5db5e0ae0e26542a,Carmencita,1303,sao paulo,SP
cee48807215b30a12ca2ca10ffb5f250,Leeann,4676,sao paulo,SP
656591be56071d4c9ef4e5fee78a578a,Elaine,3910,sao paulo,SP
7bac63f6603d382cc8d0832eb6c100a8,Leia,81200,curitiba,PR
2dd1fb6f0e42a2243b8a01e40cd41216,Lissa,9411,ribeirao pires,SP
f3da5b2ff499efb8d4a6d371d175d7dd,Merridie,81070,curitiba,PR
ec2e006556300a79a5a91e4876ab3a56,Ediva,84430,imbituva,PR
85cc55e048b6bcc90c75afe7f0e72f72,Marketa,83280,guaratuba,PR
094ced053e257ae8cae57205592d6712,Rodie,91520,porto alegre,SP
a06c8ff043abea0528ee44171e2140a2,Josey,5615,sao paulo,SP
06df0c10d34e459d9672bc77388742eb,Agata,64033,teresina,PI
93dc87703c046b603023e75222018b45,Lorita,4164,sao paulo,SP
17ca9b9e9b9ef8fdb529001b49ebb50f,Brigida,91360,porto alegre,RS
a938325a4b357fd23a6a4d5bb126408e,Emyle,14406,franca,SP
8d46553a36e68f95350a200c12f8f2e2,Merrili,89900,sao miguel d'oeste,SC
5b97c06a046398e7005b2b7c0d707a92,Fran,18550,boituva,SP
2089a6d640999f9b9141ac719b2af596,Catlin,12941,atibaia,SP
f9244d45189d3a3605499abddeade7d5,Lorraine,12230,sao jose dos campos,SP
6750d71153f00fc58829af2a8ef1bcf1,Ola,18132,sao roque,SP
d06d019f72a04e5497a0b64190af170c,Petronille,86820,california,PR
7f152321c60a266edc53af1925ef96c1,Avrit,8020,sao paulo,SP
e0878efa0e0b7e5313ac0b43bc04c081,Merilee,14802,araraquara,SP
0ebd97a106433a45a4aebe57c1799778,Cassi,7135,guarulhos,SP
bd149ed516d4c5d418d5781f8e18919f,Tybie,17600,tupa,SP
655220df33262c7e0c4949a147366f94,Analise,2562,sao paulo,SP
30a2f535bb48308f991d0b9ad4a8c4bb,Ricky,84920,japira,PR
5f2684dab12e59f83bef73ae57724e45,Tabbie,20751,rio de janeiro,RJ
53d00c40e32aeb924a84ce72b1af869d,Hyacinthe,70610,brasilia,DF
1987cd4be10fe09ee50454f9c354d1c6,Rene,9190,santo andre,SP
972d0f9cf61b499a4812cf0bfa3ad3c4,Carly,85851,foz do iguacu,PR
440dd6ab244315c632130ecfb63827b1,Daron,12080,taubate,SP
343e716476e3748b069f980efbaa294e,Elisa,9780,sao bernardo do campo,SP
8a130737016f838139d31878787a39c9,Lorilee,13483,limeira,SP
730937bf88cb151eb2eb849f642fc213,Alberta,13180,sumare,SP
6d803cb79cc31c41c4c789a75933b3c7,Leonore,2215,sao paulo,SP
138dbe45fc62f1e244378131a6801526,Valli,8583,itaquaquecetuba,SP
f0837c8d71434931d9e38e7b79234797,Brandie,28633,nova friburgo,RJ
b9ca8e8baa5d4aa038394a700f63e69f,Gale,21862,rio de janeiro,RJ
ed46f1eb4a638113deb2a1137b5f22e9,Aveline,4438,sao paulo,SP
bf3c6d2a28b2b5501e6c15448982dcc9,Danell,3521,sao paulo,SP
6a0cbc8af2e8abd1bdfb777943d174c6,Marisa,30120,belo horizonte,MG
0176f73cc1195f367f7b32db1e5b3aa8,Alejandra,37975,itau de minas,MG
e8f6dc8e6a1dcde89d20e3995c8d90b3,Jacquelyn,3654,sao paulo,SP
aced59e9b31ef866a94f9e7f29d8d418,Jeni,36050,juiz de fora,MG
cc5a78bbad32776dc4e3af205218368c,Jany,88085,florianopolis,SC
59cd88080b93f3c18508673122d26169,Joceline,5171,sao paulo,SP
2e3be8a987a30d7544dbbda6861cc14e,Lynnett,16200,birigui,SP
cf2384dd2f1dddea3f838efed0945e65,Nicoli,35540,oliveira,MG
b8bc237ba3788b23da09c0f1f3a3288c,Louisa,34710,sabara,MG
adcf50477d6a1f5d91bb9d54c4903cb5,Marsiella,19865,pedrinhas paulista,SP
a080fc8a850289b27500f6b49cca2553,Iseabal,9810,sao bernardo do campo,SP
cbd996ad3c1b7dc71fd0e5f5df9087e2,Jaquenetta,31510,belo horizonte,MG
10076e5788b8ee532724bcd460baf762,Dorri,2515,sao paulo,SP
960945e1a9535cbc0cd6ddd35fbe7ae8,Mechelle,15500,votuporanga,SP
cb8bcce248bb1fb274ba762d8b971456,Lacey,19025,presidente prudente,SP
b39d7fe263ef469605dbb32608aee0af,Kitti,13825,holambra,SP
2ec6e37d992a95eaddb3369dcbcc76d9,Lorelei,8752,mogi das cruzes,SP
eb9267cccc90f1b49c8d2f9887c7dd97,Mady,88901,ararangua,SC
a435b009cd956ea60748b5cfbddf2e24,Monah,83324,pinhais,PR
6b90f847357d8981edd79a1eb1bf0acb,Fannie,2117,sao paulo,SP
71039d19d4303bf9054d69e9a9236699,Rachele,9540,sao caetano do sul,SP
f5f1f2c5f923f36ad79ea1d07185ddc9,Jodee,4361,sao paulo,SP
b2c97074649f92197d9387d9033dda5f,Glori,3306,sao paulo,SP
dd55f1bb788714a40e7954c3be6df745,Linnell,86047,londrina,PR
34f563c82a85b99ae9e6d60db5fc2e28,Gusty,4213,sao paulo,SP
5debea795b07621e1f90532e18f96145,Shaylyn,14092,ribeirao preto,SP
f76a3b1349b6df1ee875d1f3fa4340f0,Berna,14026,ribeirao preto,SP
198c7ea11960a9844b544d9bcdca860c,Dela,16200,birigui,SP
5ca5d579b5857ee8709479b1047cecc3,Stoddard,1254,sao paulo,SP
7aa4334be125fcdd2ba64b3180029f14,Marigold,74435,goiania,GO
33cbbec1e7e1044aaf11d152172c776f,Kaylil,1026,sao paulo,SP
fadb07c842a2aef5d5a676b85f220e71,Meghann,26020,nova iguacu,RJ
d94ba08b99bedd6a5f6c875ecc4a6fac,Emelda,7140,guarulhos,SP
dc4a0fc896dc34b0d5bfec8438291c80,Cass,90560,porto alegre,RS
7178f9f4dd81dcef02f62acdf8151e01,Beckie,3307,sao paulo,SP
744dac408745240a2c2528fb1b6028f3,Carma,2804,sao paulo,SP
95f83f51203c626648c875dd41874c7f,Marybeth,13480,limeira,SP
44073f8b7e41514de3b7815dd0237f4f,Yoko,22790,rio de janeiro,RJ
2f74af7a0ee5636f12c2336f9fffed47,Delila,85948,pato bragado,PR
0ed6ce5d87fd9c69eaacaeb778d67235,Annie,99500,carazinho,RS
9d4db00d65d7760644ac0c14edb5fd86,Alene,38680,arinos,MG
01bcc9d254a0143f0ce9791b960b2a47,Joletta,13520,sao pedro,SP
4c498c7345e89aebad651544829beca0,Marta,88504,lages,SC
c8b0e2b0a7095e5d8219575d5e7e1181,Cynthea,4122,sao paulo,SP
8f54d64f28a993550aa7943f12572959,Rosene,9320,maua,SP
278b6e0b20c4f61fefaa0577943d7a35,Adelina,1223,sao paulo,SP
08cdbae123ff67ca4e36d9d641ce0119,Anica,13660,porto ferreira,SP
6524b847b982cd56bb5d4b02b776ee42,Lucine,6365,carapicuiba,SP
f205b1a3ca9a34e0f8a228bae6e4c7b3,Nicky,85640,ampere,PR
2745f798279e0ed033addcc1474776d7,Gloriane,35500,divinopolis,MG
9bade61a92bed55a25d2b67b9f4ed739,Sharity,30180,belo horizonte,MG
c53bcd3be457a342a97e39e5a9f0be22,Ursuline,83010,sao jose dos pinhais,PR
cb32766839f443db85c82a43c4a6c19e,Kinna,1026,sao paulo,SP
282c7480173bb9c01dd41cc739fec010,Robina,35680,itauna,MG
7681ef142fd2c19048da7430856b5588,Serene,11443,guaruja,SP
0ddefe3c7a032b91f4e25b9c3a08fca1,Alexi,3065,sao paulo,SP
ec21206b7894c503788a684a7bc822a6,Kelsy,88063,florianopolis,SC
d12c926d74ceff0a90a21184466ce161,Olivie,3533,sao paulo,SP
3be634553519fb6536a03e1358e9fdc7,Karia,91901,porto alegre,RS
08d2d642cf72b622b14dde1d2f5eb2f5,Tessie,13800,mogi mirim,SP
821fb029fc6e495ca4f08a35d51e53a5,Lolita,89224,joinville,SC
b335c59ab742f751a85db9c411a86739,Elyse,89520,curitibanos,SC
2a5b78b41cd05baeac8df54c6606b92c,Drusi,71906,brasilia df,DF
5b925e1d006e9476d738aa200751b73b,Janice,37410,tres coracoes,MG
bc503e244f187939d10c92a5c8e378ce,Oralia,5849,sao paulo,SP
455c5640e8c5bd1b2ee85c0158f85727,Molli,60346,fortaleza,CE
b1ac6ea7895bc3dd6f0f6f4abbdd2821,Evie,1403,sao paulo,SP
c0563dd588b775f2e37747ef6ad6c92c,Gerda,2727,sao paulo,SP
aa1eb17b9fdf6dfd546e25c45c7b9235,Gloria,12215,sao jose dos campos,SP
13074f016982ff2bd6c58ced8682f000,Helen-elizabeth,8710,mogi das cruses,SP
817f85dbb65aa3e70831d90fe75cdf89,Rea,2565,sao paulo,SP
4aba391bc3b88717ce08eb11e44937b2,Krysta,4256,sao paulo,SP
8daab2245ebdc277c51098d01c5ad8ef,Hermione,13088,campinas,SP
39d54ff918774174706fb065d7f9dc07,Ramonda,13185,hortolandia,SP
5d0363b33554b373851fc1622e4d5f3c,Marnie,4160,sao paulo,SP
822166ed1e47908f7cfb49946d03c726,Olva,30310,belo horizonte,MG
3f0e48d209018b466fcd3bb4ccfeb520,Bathsheba,87025,maringa,PR
15aac934c58d886785ac1b17953ea898,Janelle,20771,rio de janeiro,RJ
7f40d06aa0b5f1aa4f41af8c0480e2ef,Aurore,12940,atibaia,SP
093805f8f2aeb63881444571e1f48f30,Genvieve,88210,porto belo,SC
6c177e38df6d3f34182b1f1d427231bf,Gale,85900,toledo,PR
134285d1f41da5c13a756ee8142c8a4e,Latrena,17511,marilia,SP
fffd5413c0700ac820c7069d66d98c89,Gizela,82940,curitiba,PR
d650b663c3b5f6fb392b6326366efa9a,Rosalind,35162,ipatinga,MG
6c99c983ce3b6ba0ab813e6790e81691,Farra,95059,caxias do sul,RS
c85d7b477a709c85a1e8b8f25aa1b270,Sophronia,88790,laguna,SP
1fe5540d7c1c37a595fefbacd5570d9e,Eveleen,13920,pedreira,SP
2953ce3a88f5e3c3b696d77fc9e4c8eb,Ealasaid,2407,sao paulo,SP
bd697db56ff8e7c9cd1abeb7f72029b2,Adiana,13041,campinas,SP
1d4587203296c8f4ad134dc286fa6db0,Kellia,12942,atibaia,SP
845e8036c3f7bf62099352f5ed910240,Shandeigh,36071,juiz de fora,MG
7f7b8245c336066a1f9933c359f11d77,Nikoletta,1310,sao paulo,SP
8c9348f33ae3dada25c99c99ade2af78,Charin,36213,dores de campos,MG
50c9975695009e5e6473912e83a6d1da,Melessa,5353,sao paulo - sp,SP
9b00ed88b7fdb95d6ff76e27c1b52d16,Ketty,2532,sao paulo,SP
02ecc2a19303f05e59ce133fd923fff7,Alane,9560,sao caetano do sul,SP
d66c11a9572221d92fbb8c4897db5f9b,Iris,13603,araras,SP
b98b715fe9e276204e2a3464f48cd796,Portia,37142,divisa nova,MG
0570350b23eda5444f8d1d9544932058,Merilee,5138,sao paulo,SP
dfa0c4c6229ab200a4a1336b4d7128ff,Domeniga,7071,guarulhos,SP
5ab05b6d86d417796c69ffd6774ec832,Celestia,9111,santo andre,SP
d29ba1220fb8634fa3a107e54497b8a4,Wileen,18040,sorocaba,SP
b6dc74ed30f124f95227bed4e43a3bed,Cristionna,13085,campinas,SP
08084d990eb3f53af056ccbc1730c8a7,Leona,17350,igaracu do tiete,SP
712e6ed8aa4aa1fa65dab41fed5737e4,Micky,13473,americana,SP
0873d9f8f36123f8d910f4760e788cfb,Melina,88353,brusque,SC
a5a1bfcf728ab0e19182959cf0771ee4,Vivianne,88350,brusque,SC
81336a0f57a33776419727a300249e90,Laurice,9510,sao caetano do sul,SP
ad97a199236354e53fcd91a5a913e9a2,Zorana,38412,uberlandia,MG
ecccfa2bb93b34a3bf033cc5d1dcdc69,Geraldine,14750,pitangueiras,SP
49067458c68f7701fd334ce326accbe0,Saloma,30120,belo horizonte,MG
1ce3ae5a399804d1a87e706f8a813c3e,Clarissa,14400,franca,SP
cb9fb4ca75d7ba8437480e8dde64fe98,Tasha,4131,sao paulo,SP
1c40343cc5d18c2d8248ac2f3366de34,Jandy,22451,rio de janeiro,RJ
8b8cfc8305aa441e4239358c9f6f2485,Janaya,4317,sao paulo,SP
0cbcee27c791afa0cdcb08587a2013a8,Eimile,1001,sao paulo,SP
bf100ecb7997df312b285358fb32f92c,Daphna,5705,sao paulo,SP
3ade81dab5a172b88e1871c28ae05260,Hetti,81650,curitiba,PR
1dd33b8119b3cb1056ed5dc88cd0aaf4,Vania,7160,guarulhos,SP
5b8154610ebb21fb90eb587365e673df,Maisey,18085,sorocaba,SP
741f8c587cb4248ebc5b779a0e8e0e51,Bibi,81020,curitiba,PR
02f623a8eb246f3c5f7c2f96462654e6,Timmi,79090,campo grande,MS
7f2617c58d5d06806987308b45654351,Cristy,1226,sao paulo,SP
b1aaae6b66ad3c40f54b389d7ea4bee0,Christyna,3303,sao paulo,SP
5795aebfe331fbcd02a2c4b679fb7952,Dana,3567,sao paulo,SP
3c4e0452bff7a2a788179488d3d77032,Meaghan,9270,santo andre,SP
4e7c18b98d84e05cbae3ff0ff03846c2,Farra,17400,garca,SP
f9903dd0f812c7e771fcad47b6fff231,Pammi,19470,presidente epitacio,SP
17adeba047385fb0c67d8e90b4296d21,Benita,91510,porto alegre,RS
8d899e15a5925f097cca50faa49b15e3,Clarey,14940,ibitinga,SP
6eeed17989b0ae47c9f11ece6f38ea90,Joli,3613,sao paulo,SP
b2eecf5ea250510da76590ca79d60e5d,Lark,31255,belo horizonte,MG
82e0a475a88cc9595229d8029273f045,Angelita,14940,ibitinga,SP
8a2d12a90e92f012ce5226fc6592b653,Coretta,74340,goiania,GO
d93919c944be9cff128f6c9cb899eacb,Coleen,2124,sao paulo,SP
b8555308bfdb4ca1ed54325a58da9a97,Joycelin,14910,tabatinga,SP
8bd0f31cf0a614c658f6763bd02dea69,Essy,9726,sbc/sp,SP
41c2bad7229b0c25e6becf179ebf63ff,Moyna,85904,toledo,PR
0daf5180aa44356f60f8effa533b55a2,Lucille,81730,curitiba,PR
e1dc0754bada9ee4cfe9713f22f61292,Melosa,89211,joinville,SC
2be17df1c49978426251562096c3cc09,Beckie,5174,sao paulo,SP
ca77545ca4d2dfd1431bf61334e2fa3c,Rois,45816,arraial d'ajuda (porto seguro),BA
762ed976527cddf02787edba70fffa2a,Mellicent,13481,limeira,SP
0885aaf116795758dfeb5f1032487bcd,Randy,61800,pacatuba,CE
ce27a3cc3c8cc1ea79d11e561e9bebb6,Adrianna,13930,serra negra,SP
23613d49c3ac2bd302259e55c06c050c,Carlyn,4087,sao paulo,SP
615005a3ef192c00c6f0e977cee3d2bc,Esme,23095,rio de janeiro,RJ
1b65c144b17e607c0f37f10bb7dfec8d,Collie,73801,formosa,GO
51ed72984a04e5dd35c2b27e77179038,Edita,7023,guarulhos,SP
0951a6e282947e09cd47969f4ed0b47f,Edyth,3167,sao paulo,SP
6e4a902d1054e4e17aa6eab87fac1c75,Seka,4833,sao paulo,SP
cda598c48d7c614bc1cad7d8ff6f0010,Kiah,24346,niteroi,RJ
eb3071b9f0b0ddaa2df5ea130f09f26b,Tabatha,37564,borda da mata,MG
f789d2c4f2c2eb38fc4373e7a4b35264,Conny,81825,curitiba,PR
6d988d6174a2c27441597174f8905515,Gussi,11680,ubatuba,SP
45d33f715e24d15a6ccf5c17b3a23e3c,Coreen,85988,entre rios do oeste,PR
2528744c5ef5d955adc318720a94d2e7,Arluene,13566,sao carlos,SP
bbaff50f3b708fda865918715276cd87,Misti,37540,sao paulo,SP
0791d9fc1e30678ecf03d3e55fa108d3,Ophelia,15813,catanduva,SP
c9a06ece156bb057372c68718ec8909b,Vin,11013,santos,SP
04308b1ee57b6625f47df1d56f00eedf,Micheline,20751,rio de janeiro,RJ
d13e50eaa47b4cbe9eb81465865d8cfc,Lucretia,6768,taboao da serra,SP
17908cf9b444ee34047cadd5c0f4a516,Gwynne,3550,sao paulo,SP
f12d3c2a14729ae461b920c11fe20fdc,Sharia,35570,formiga,MG
d354c38a7182125a748cb10474fe963b,Gisele,1139,sao paulo,SP
82bd0703a4aefd6b599e5bfdaed378fb,Marissa,11075,santos,SP
